<?xml version="1.0" encoding="iso-8859-1"?>
<font>
<voice>v_sans</voice>
<color>000000</color>
<linespacing>16.5</linespacing>
<spritesheet>
    <sprite name="!">
        <rect x="30" y="48" w="2" h="10"/>
    </sprite>
    <sprite name="#">
        <rect x="157" y="111" w="9" h="10"/>
    </sprite>
    <sprite name="$">
        <rect x="92" y="109" w="8" h="14"/>
    </sprite>
    <sprite name="%">
        <rect x="44" y="111" w="11" h="10"/>
    </sprite>
    <sprite name="'">
        <rect x="55" y="48" w="2" h="10"/>
    </sprite>
    <sprite name="(">
        <rect x="198" y="65" w="4" h="14"/>
    </sprite>
    <sprite name=")">
        <rect x="180" y="65" w="4" h="14"/>
    </sprite>
    <sprite name="+">
        <rect x="163" y="70" w="6" h="6"/>
    </sprite>
    <sprite name=",">
        <rect x="26" y="46" w="2" h="3"/>
    </sprite>
    <sprite name="-">
        <rect x="233" y="70" w="5" h="6"/>
    </sprite>
    <sprite name="0">
        <rect x="122" y="69" w="6" h="10"/>
    </sprite>
    <sprite name="1">
        <rect x="26" y="69" w="6" h="10"/>
    </sprite>
    <sprite name="2">
        <rect x="146" y="90" w="7" h="10"/>
    </sprite>
    <sprite name="3">
        <rect x="34" y="69" w="6" h="10"/>
    </sprite>
    <sprite name="4">
        <rect x="110" y="90" w="7" h="10"/>
    </sprite>
    <sprite name="5">
        <rect x="82" y="69" w="6" h="10"/>
    </sprite>
    <sprite name="6">
        <rect x="42" y="69" w="6" h="10"/>
    </sprite>
    <sprite name="7">
        <rect x="119" y="90" w="7" h="10"/>
    </sprite>
    <sprite name="8">
        <rect x="18" y="69" w="6" h="10"/>
    </sprite>
    <sprite name="9">
        <rect x="146" y="69" w="6" h="10"/>
    </sprite>
    <sprite name=";">
        <rect x="2" y="44" w="3" h="11"/>
    </sprite>
    <sprite name="=">
        <rect x="218" y="70" w="5" h="6"/>
    </sprite>
    <sprite name="@">
        <rect x="30" y="110" w="12" h="11"/>
    </sprite>
    <sprite name="A">
        <rect x="32" y="90" w="8" h="10"/>
    </sprite>
    <sprite name="B">
        <rect x="101" y="90" w="7" h="10"/>
    </sprite>
    <sprite name="C">
        <rect x="237" y="111" w="8" h="10"/>
    </sprite>
    <sprite name="D">
        <rect x="155" y="90" w="7" h="10"/>
    </sprite>
    <sprite name="E">
        <rect x="83" y="90" w="7" h="10"/>
    </sprite>
    <sprite name="F">
        <rect x="106" y="69" w="6" h="10"/>
    </sprite>
    <sprite name="G">
        <rect x="146" y="111" w="9" h="10"/>
    </sprite>
    <sprite name="H">
        <rect x="217" y="111" w="8" h="10"/>
    </sprite>
    <sprite name="I">
        <rect x="138" y="69" w="6" h="10"/>
    </sprite>
    <sprite name="J">
        <rect x="177" y="110" w="8" h="11"/>
    </sprite>
    <sprite name="K">
        <rect x="128" y="90" w="7" h="10"/>
    </sprite>
    <sprite name="L">
        <rect x="225" y="90" w="6" h="10"/>
    </sprite>
    <sprite name="M">
        <rect x="80" y="111" w="10" h="10"/>
    </sprite>
    <sprite name="N">
        <rect x="124" y="111" w="9" h="10"/>
    </sprite>
    <sprite name="O">
        <rect x="68" y="111" w="10" h="10"/>
    </sprite>
    <sprite name="P">
        <rect x="204" y="69" w="5" h="10"/>
    </sprite>
    <sprite name="Q">
        <rect x="2" y="108" w="11" h="13"/>
    <border x="0" y="2" z="0" w="0"/>
</sprite>
    <sprite name="R">
        <rect x="217" y="90" w="6" h="10"/>
    </sprite>
    <sprite name="S">
        <rect x="227" y="111" w="8" h="10"/>
    </sprite>
    <sprite name="T">
        <rect x="2" y="90" w="8" h="10"/>
    </sprite>
    <sprite name="U">
        <rect x="187" y="111" w="8" h="10"/>
    </sprite>
    <sprite name="V">
        <rect x="135" y="111" w="9" h="10"/>
    </sprite>
    <sprite name="W">
        <rect x="15" y="111" w="13" h="10"/>
    </sprite>
    <sprite name="X">
        <rect x="113" y="111" w="9" h="10"/>
    </sprite>
    <sprite name="Y">
        <rect x="207" y="111" w="8" h="10"/>
    </sprite>
    <sprite name="Z">
        <rect x="197" y="111" w="8" h="10"/>
    </sprite>
    <sprite name="[">
        <rect x="186" y="65" w="4" h="14"/>
    </sprite>
    <sprite name="]">
        <rect x="192" y="65" w="4" h="14"/>
    </sprite>
    <sprite name="^">
        <rect x="14" y="44" w="6" h="15"/>
    </sprite>
    <sprite name="_">
        <rect x="57" y="109" w="9" h="1"/>
    </sprite>
    <sprite name="`">
        <rect x="50" y="49" w="3" h="10"/>
    </sprite>
    <sprite name="a">
        <rect x="66" y="69" w="6" h="7"/>
    </sprite>
    <sprite name="ampersand">
        <rect x="102" y="111" w="9" h="10"/>
    </sprite>
    <sprite name="asterisk">
        <rect x="225" y="70" w="6" h="9"/>
    </sprite>
    <sprite name="b">
        <rect x="90" y="69" w="6" h="10"/>
    </sprite>
    <sprite name="backslash">
        <rect x="180" y="89" w="6" h="11"/>
    </sprite>
    <sprite name="c">
        <rect x="74" y="69" w="6" h="7"/>
    </sprite>
    <sprite name="colon">
        <rect x="46" y="49" w="2" h="6"/>
    </sprite>
    <sprite name="d">
        <rect x="137" y="90" w="7" h="10"/>
    </sprite>
    <sprite name="dot">
        <rect x="42" y="48" w="2" h="2"/>
    </sprite>
    <sprite name="doublequote">
        <rect x="7" y="44" w="5" h="14"/>
    </sprite>
    <sprite name="e">
        <rect x="50" y="69" w="6" h="7"/>
    </sprite>
    <sprite name="f">
        <rect x="164" y="89" w="6" h="11"/>
    </sprite>
    <sprite name="g">
        <rect x="42" y="86" w="6" h="11"/>
    <border x="0" y="4" z="0" w="0"/>
</sprite>
    <sprite name="h">
        <rect x="98" y="69" w="6" h="10"/>
    </sprite>
    <sprite name="i">
        <rect x="38" y="48" w="2" h="10"/>
    </sprite>
    <sprite name="j">
        <rect x="195" y="86" w="5" h="14"/>
    <border x="0" y="4" z="0" w="0"/>
</sprite>
    <sprite name="k">
        <rect x="130" y="69" w="6" h="10"/>
    </sprite>
    <sprite name="l">
        <rect x="34" y="48" w="2" h="10"/>
    </sprite>
    <sprite name="lt">
        <rect x="240" y="70" w="4" h="6"/>
    </sprite>
    <sprite name="m">
        <rect x="12" y="90" w="8" h="7"/>
    </sprite>
    <sprite name="n">
        <rect x="233" y="90" w="6" h="7"/>
    </sprite>
    <sprite name="o">
        <rect x="58" y="69" w="6" h="7"/>
    </sprite>
    <sprite name="p">
        <rect x="66" y="86" w="6" h="11"/>
    <border x="0" y="4" z="0" w="0"/>
</sprite>
    <sprite name="pipe">
        <rect x="22" y="44" w="2" h="14"/>
    </sprite>
    <sprite name="q">
        <rect x="58" y="86" w="6" h="11"/>
    <border x="0" y="4" z="0" w="0"/>
</sprite>
    <sprite name="questionmark">
        <rect x="74" y="90" w="7" h="10"/>
    </sprite>
    <sprite name="r">
        <rect x="209" y="90" w="6" h="7"/>
    </sprite>
    <sprite name="rt">
        <rect x="246" y="70" w="4" h="6"/>
    </sprite>
    <sprite name="s">
        <rect x="211" y="69" w="5" h="7"/>
    </sprite>
    <sprite name="slash">
        <rect x="172" y="89" w="6" h="11"/>
    </sprite>
    <sprite name="space">
        <rect x="50" y="86" w="6" h="11"/>
    </sprite>
    <sprite name="t">
        <rect x="10" y="69" w="6" h="9"/>
    </sprite>
    <sprite name="u">
        <rect x="241" y="90" w="6" h="7"/>
    </sprite>
    <sprite name="v">
        <rect x="114" y="69" w="6" h="7"/>
    </sprite>
    <sprite name="w">
        <rect x="22" y="90" w="8" h="7"/>
    </sprite>
    <sprite name="x">
        <rect x="92" y="90" w="7" h="7"/>
    </sprite>
    <sprite name="y">
        <rect x="168" y="107" w="7" h="11"/>
    <border x="0" y="4" z="0" w="0"/>
</sprite>
    <sprite name="z">
        <rect x="2" y="69" w="6" h="7"/>
    </sprite>
    <sprite name="{">
        <rect x="188" y="86" w="5" h="14"/>
    </sprite>
    <sprite name="}">
        <rect x="202" y="86" w="5" h="14"/>
    </sprite>
    <sprite name="~">
        <rect x="171" y="65" w="7" h="14"/>
    </sprite>
</spritesheet>
</font>